{"filesMd5":[{"android":"1.0.0","iOS":"1.0.0","page":"/mediator/index.js","md5":"a8891c157208af0971ad0e670788a854"},{"android":"1.0.0","iOS":"1.0.0","page":"/pages/eros-demos/index.js","md5":"3cf7a86bf1a67e9903459e61057b68c8"},{"android":"1.0.0","iOS":"1.0.0","page":"/config/index.js","md5":"810865401269ea70d52d767aa1177cdf"},{"android":"1.0.0","iOS":"1.0.0","page":"/pages/eros-demos/tab2/button.js","md5":"a2ba85a7ca7efc9e37edb1583b16cf02"},{"android":"1.0.0","iOS":"1.0.0","page":"/pages/eros-demos/tab2/image.js","md5":"1962028a08df87a00dc1dede647dba80"},{"android":"1.0.0","iOS":"1.0.0","page":"/pages/eros-demos/tab2/icon.js","md5":"2b680c86e61bc01443e9453d4eee1abe"},{"android":"1.0.0","iOS":"1.0.0","page":"/pages/eros-demos/tab2/header.js","md5":"9deb4929dad88bf5a9388d2e666f11f3"},{"android":"1.0.0","iOS":"1.0.0","page":"/pages/eros-demos/tab1/tab-page/index.js","md5":"6691ab3da80ce557bfa7b3e16f2bfc21"},{"android":"1.0.0","iOS":"1.0.0","page":"/pages/eros-demos/tab2/index.js","md5":"aa5a6ec4959feba13fd6024cc21bda71"},{"android":"1.0.0","iOS":"1.0.0","page":"/pages/eros-demos/tab2/tip.js","md5":"39938b7fed0523887c76a6d24a9025e4"},{"android":"1.0.0","iOS":"1.0.0","page":"/pages/eros-demos/tab3/amap.js","md5":"d3608fc5a74dd9af0c13a253c16f412f"},{"android":"1.0.0","iOS":"1.0.0","page":"/pages/eros-demos/tab3/iconfont.js","md5":"0c12eb6465beafb901daeedf9dce4985"},{"android":"1.0.0","iOS":"1.0.0","page":"/pages/eros-demos/tab3/index.js","md5":"ec41b5a1248568522dc366466bf66b27"},{"android":"1.0.0","iOS":"1.0.0","page":"/pages/eros-demos/tab2/tabbar.js","md5":"74593ff71dbd89be745809a7bd73635e"},{"android":"1.0.0","iOS":"1.0.0","page":"/pages/eros-demos/tab3/router.js","md5":"26120817dad0a4ba24f0e2f541611628"},{"android":"1.0.0","iOS":"1.0.0","page":"/pages/eros-demos/tab4/demo/index.js","md5":"85ab8021e1f52edb489a898260bace1e"},{"android":"1.0.0","iOS":"1.0.0","page":"/pages/eros-demos/tab4/index.js","md5":"b1332597bb3a8151be17bd9489d49d55"},{"android":"1.0.0","iOS":"1.0.0","page":"/pages/eros-demos/tab4/waterfall.js","md5":"46cf655a9ba1f4400b6b69979675621c"},{"android":"1.0.0","iOS":"1.0.0","page":"/pages/heyue/list.js","md5":"fc7c209e690f342553539835090ac7db"},{"android":"1.0.0","iOS":"1.0.0","page":"/pages/heyue/classify.js","md5":"04b3c6712544fda5540237dcdeba5935"},{"android":"1.0.0","iOS":"1.0.0","page":"/pages/heyue/index.js","md5":"61a3b40e424b9b19b6269f80936b7312"},{"android":"1.0.0","iOS":"1.0.0","page":"/pages/heyue/member.js","md5":"7e7bc3c791d82189fddd6bb472e8385f"},{"android":"1.0.0","iOS":"1.0.0","page":"/pages/heyue/web.js","md5":"6f20060a5e144ffe9152384194950bff"},{"android":"1.0.0","iOS":"1.0.0","page":"/pages/heyue/proCont.js","md5":"202260d4b0ef5b28a96325eba4aa3322"},{"android":"1.0.0","iOS":"1.0.0","page":"/pages/heyue/proList.js","md5":"dd52d7b98ebd9622805600399d50f4fb"},{"android":"1.0.0","iOS":"1.0.0","page":"/iconfont/font_1469606063_76593.ttf","md5":"7f64b407dbb118b2bf74aae8488f115e"},{"android":"1.0.0","iOS":"1.0.0","page":"/iconfont/font_1469606522_9417143.woff","md5":"815be396a2edc810e9daab7eaf94b32e"},{"android":"1.0.0","iOS":"1.0.0","page":"/iconfont/font_zn5b3jswpofuhaor.ttf","md5":"be67220b1b872c2cba30a35787131d99"},{"android":"1.0.0","iOS":"1.0.0","page":"/iconfont/heyue_icon.ttf","md5":"0a7632e0384e68d36bd7cb55d41de84f"},{"android":"1.0.0","iOS":"1.0.0","page":"/iconfont/iconfont.ttf","md5":"fcfd6fc55b5308c896fadc1c08c4b1b0"},{"android":"1.0.0","iOS":"1.0.0","page":"/assets/test.jpeg","md5":"d0175845c26bad1178eeec7315cb1b32"}],"android":"1.0.0","iOS":"1.0.0","appName":"my-eros","jsVersion":"93797fede3b40fe66894b3d898d73e57","timestamp":1512640036803,"jsPath":"https://app.weex-eros.com/source"}
